id,conversation_id,created_at,date,time,timezone,user_id,username,name,place,tweet,language,mentions,urls,photos,replies_count,retweets_count,likes_count,hashtags,cashtags,link,retweet,quote_url,video,thumbnail,near,geo,source,user_rt_id,user_rt,retweet_id,reply_to,retweet_date,translate,trans_src,trans_dest
1230732417813508098,1230703422229209089,2020-02-21 11:24:08 IST,2020-02-21,11:24:08,+0530,411216598,sukhendusekhar,Sukhendu Sekhar Ray,,@mayukhrghosh There is a very interesting story about how this day was declared as International Language Day bu the UN. Find it out to inform your followers.,en,['mayukhrghosh'],[],[],0,1,4,[],[],https://twitter.com/Sukhendusekhar/status/1230732417813508098,,,0,,,,,,,,"{'user_id': '174285951', 'username': 'mayukhrghosh'}",,,,
1229041374353227776,1229041374353227776,2020-02-16 19:24:32 IST,2020-02-16,19:24:32,+0530,411216598,sukhendusekhar,Sukhendu Sekhar Ray,,"শতবর্ষে হেমন্ত মুখোপাধ্যায়- হেরিটেজ বেঙ্গলের অনুষ্ঠান, রবীন্দ্র সদনে(১৫-২-২০০০)  https://t.co/wR31DimeCJ",bn,[],[],"['https://pbs.twimg.com/media/EQ5uj2LU0AATqKI.jpg', 'https://pbs.twimg.com/media/EQ5uj2KUEAEIg2g.jpg', 'https://pbs.twimg.com/media/EQ5uj2TUUAA4R4-.jpg', 'https://pbs.twimg.com/media/EQ5uj2TUEAUtXzq.jpg']",3,5,37,[],[],https://twitter.com/Sukhendusekhar/status/1229041374353227776,,,1,https://pbs.twimg.com/media/EQ5uj2LU0AATqKI.jpg,,,,,,,"{'user_id': None, 'username': None}",,,,
1224393991325548546,1224393991325548546,2020-02-03 23:37:30 IST,2020-02-03,23:37:30,+0530,411216598,sukhendusekhar,Sukhendu Sekhar Ray,,Better late than never,en,[],[],[],1,0,5,[],[],https://twitter.com/Sukhendusekhar/status/1224393991325548546,,https://twitter.com/payalmehta100/status/1224296635196432386,0,,,,,,,,"{'user_id': None, 'username': None}",,,,
1222147173816524802,1222104529937883137,2020-01-28 18:49:27 IST,2020-01-28,18:49:27,+0530,411216598,sukhendusekhar,Sukhendu Sekhar Ray,,@AITCofficial Historic decision.,en,['aitcofficial'],[],[],0,0,0,[],[],https://twitter.com/Sukhendusekhar/status/1222147173816524802,,,0,,,,,,,,"{'user_id': '290452792', 'username': 'AITCofficial'}",,,,
1219294108549668866,1219274460894654469,2020-01-20 21:52:23 IST,2020-01-20,21:52:23,+0530,411216598,sukhendusekhar,Sukhendu Sekhar Ray,,@Ei_Samay @MamataOfficial @DilipGhoshBJP @AITCofficial @BJP4India যদি তোর ডাক শুনে কেউ না আসে তবে একলা চলো রে...,bn,"['ei_samay', 'mamataofficial', 'dilipghoshbjp', 'aitcofficial', 'bjp4india']",[],[],0,0,6,[],[],https://twitter.com/Sukhendusekhar/status/1219294108549668866,,,0,,,,,,,,"{'user_id': '819130177', 'username': 'Ei_Samay'}",,,,
1219232794779369472,1219145213270052865,2020-01-20 17:48:45 IST,2020-01-20,17:48:45,+0530,411216598,sukhendusekhar,Sukhendu Sekhar Ray,,@mayukhrghosh Excellent piece of information which I miserably failed to have before.,en,['mayukhrghosh'],[],[],0,0,1,[],[],https://twitter.com/Sukhendusekhar/status/1219232794779369472,,,0,,,,,,,,"{'user_id': '174285951', 'username': 'mayukhrghosh'}",,,,
1214623977525481472,1214623977525481472,2020-01-08 00:34:57 IST,2020-01-08,00:34:57,+0530,411216598,sukhendusekhar,Sukhendu Sekhar Ray,,राम के नाम बदनाम ना करो...,hi,[],[],[],1,0,5,[],[],https://twitter.com/Sukhendusekhar/status/1214623977525481472,,https://twitter.com/OneindiaBengali/status/1214462624034742275,0,,,,,,,,"{'user_id': None, 'username': None}",,,,
1214610711717937153,1214606952983957504,2020-01-07 23:42:14 IST,2020-01-07,23:42:14,+0530,411216598,sukhendusekhar,Sukhendu Sekhar Ray,,Why my tweet has been blocked? The fundamentalists are on rampage even on social sites to enforce the rule of antisocials.,en,[],[],[],0,0,2,[],[],https://twitter.com/Sukhendusekhar/status/1214610711717937153,,,0,,,,,,,,"{'user_id': '411216598', 'username': 'Sukhendusekhar'}",,,,
1214598364311912448,1214598364311912448,2020-01-07 22:53:10 IST,2020-01-07,22:53:10,+0530,411216598,sukhendusekhar,Sukhendu Sekhar Ray,,BOYCOTT BJP BOTH POLITICALLY AND SOCIALLY,en,[],[],[],1,0,5,[],[],https://twitter.com/Sukhendusekhar/status/1214598364311912448,,https://twitter.com/Ei_Samay/status/1214590185003839489,0,,,,,,,,"{'user_id': None, 'username': None}",,,,
1214598054440914944,1214598054440914944,2020-01-07 22:51:56 IST,2020-01-07,22:51:56,+0530,411216598,sukhendusekhar,Sukhendu Sekhar Ray,,Amartya Sen: 'ধর্ম আর জাতির নামে ভাগাভাগি says-divisions-between-groups-and-sects-not-only-damage-social-lives-but-also-work-as-barriers-to-intellectual-progress-within-and-across-the-nations/articleshow/73144142.cms?utm_source=twitter&amp;utm_campaign=nbtmobile&amp;utm_medium=referral,en,[],[],[],0,1,5,[],[],https://twitter.com/Sukhendusekhar/status/1214598054440914944,,,0,,,,,,,,"{'user_id': None, 'username': None}",,,,
1213843272444956675,1213843272444956675,2020-01-05 20:52:42 IST,2020-01-05,20:52:42,+0530,411216598,sukhendusekhar,Sukhendu Sekhar Ray,,"SHAME! SHAME! ARE THEY NOT TUKRE TUKRE GANG?   Masked Mob Attacks Students, Teachers At JNU, Several Injured - NDTV  https://t.co/3K9If6nPVX",en,[],['https://www.ndtv.com/india-news/jnu-students-union-president-attacked-on-campus-violence-breaks-out-2159160'],[],1,0,4,[],[],https://twitter.com/Sukhendusekhar/status/1213843272444956675,,,0,,,,,,,,"{'user_id': None, 'username': None}",,,,
1213711125943971842,1213711125943971842,2020-01-05 12:07:36 IST,2020-01-05,12:07:36,+0530,411216598,sukhendusekhar,Sukhendu Sekhar Ray,,LADY OF THE MASSES...,en,[],[],[],5,1,19,[],[],https://twitter.com/Sukhendusekhar/status/1213711125943971842,,https://twitter.com/mayukhrghosh/status/1213678437031759873,0,,,,,,,,"{'user_id': None, 'username': None}",,,,
1213665598078537728,1213665598078537728,2020-01-05 09:06:42 IST,2020-01-05,09:06:42,+0530,411216598,sukhendusekhar,Sukhendu Sekhar Ray,,Page 4 - Sangbad Pratidin 05-01-20  https://t.co/kmp4Nvj3Mq,tl,[],['https://epaper.sangbadpratidin.in/epaper/m/414198/5e113e827d177'],[],0,0,2,[],[],https://twitter.com/Sukhendusekhar/status/1213665598078537728,,,0,,,,,,,,"{'user_id': None, 'username': None}",,,,
1212395604736741378,1212395604736741378,2020-01-01 21:00:12 IST,2020-01-01,21:00:12,+0530,411216598,sukhendusekhar,Sukhendu Sekhar Ray,,সবজির দর: ডাঁটা- ২৫০ টাকা ফুলকপি- ২৫ বাঁধাকপি- ৪০  বেগুন- ৪০ সিম-৪০ মটরশুঁটি-৪০ টম্যাটো-৪০ গাজর-৪০ বিনস্-৪০ পেঁয়াজ-৮০ আলু-২৫-৩০ লাউ-৪০ পালং শাক-৪০ বরবটি-৪০ ** গতবছর এই প্রত্যেকটির দাম অর্ধেক অথবা তারও কম ছিল।   অচছে দিন আ গয়ে...মিত্রোঁ...,bn,[],[],[],1,11,56,[],[],https://twitter.com/Sukhendusekhar/status/1212395604736741378,,,0,,,,,,,,"{'user_id': None, 'username': None}",,,,
1212392397897789440,1212392397897789440,2020-01-01 20:47:27 IST,2020-01-01,20:47:27,+0530,411216598,sukhendusekhar,Sukhendu Sekhar Ray,,Modi Govt’s double New Year gift to nation: Hike in Price of Cooking Gas and Disel &amp; Petrol,en,[],[],[],1,3,10,[],[],https://twitter.com/Sukhendusekhar/status/1212392397897789440,,,0,,,,,,,,"{'user_id': None, 'username': None}",,,,
1212060110609977344,1212060110609977344,2019-12-31 22:47:04 IST,2019-12-31,22:47:04,+0530,411216598,sukhendusekhar,Sukhendu Sekhar Ray,,Happy New Year toAll,en,[],[],[],1,0,5,[],[],https://twitter.com/Sukhendusekhar/status/1212060110609977344,,,0,,,,,,,,"{'user_id': None, 'username': None}",,,,
1211711524668002304,1211268763938476032,2019-12-30 23:41:54 IST,2019-12-30,23:41:54,+0530,411216598,sukhendusekhar,Sukhendu Sekhar Ray,,"@Zee24Ghanta শুধু দিলীপ উবাচ অমৃতকথা লোকে বোধহয় শোনেন।যেমন, গরুর কুঁজ সোনার আধার। ভাগ্যিস বলেননি, গোবর মাথায় মাখলে আই কিউ বাড়ে...",bn,['zee24ghanta'],[],[],1,0,6,[],[],https://twitter.com/Sukhendusekhar/status/1211711524668002304,,,0,,,,,,,,"{'user_id': '468250625', 'username': 'Zee24Ghanta'}",,,,
1209787777698525184,1209787777698525184,2019-12-25 16:17:37 IST,2019-12-25,16:17:37,+0530,411216598,sukhendusekhar,Sukhendu Sekhar Ray,,THEY ARE FOLLOWING THE FOOTSTEPS OF HITLER’S PROPAGANDA MINISTER GOEBBLES.  https://t.co/V23PchD3kW,en,[],[],['https://pbs.twimg.com/media/EMoHjqVUcAA2Dev.jpg'],0,0,2,[],[],https://twitter.com/Sukhendusekhar/status/1209787777698525184,,https://twitter.com/MaheshNBhatt/status/1209689094613155842,1,https://pbs.twimg.com/media/EMoHjqVUcAA2Dev.jpg,,,,,,,"{'user_id': None, 'username': None}",,,,
1209785932573839360,1209785932573839360,2019-12-25 16:10:17 IST,2019-12-25,16:10:17,+0530,411216598,sukhendusekhar,Sukhendu Sekhar Ray,,"City of Joy, to the truest sense despite being maligned by evil designers.",en,[],[],[],0,2,8,[],[],https://twitter.com/Sukhendusekhar/status/1209785932573839360,,https://twitter.com/mayukhrghosh/status/1209512929558556673,0,,,,,,,,"{'user_id': None, 'username': None}",,,,
1209172973698961408,1209172973698961408,2019-12-23 23:34:36 IST,2019-12-23,23:34:36,+0530,411216598,sukhendusekhar,Sukhendu Sekhar Ray,,Bunch of liars! Trying to turn India into Fools Paradise. But the Citizens have shown their strength to make BJP- free Bharat.,en,[],[],[],1,5,14,[],[],https://twitter.com/Sukhendusekhar/status/1209172973698961408,,https://twitter.com/abhishekaitc/status/1209040330382725120,0,,,,,,,,"{'user_id': None, 'username': None}",,,,
1208262126541799424,1208262126541799424,2019-12-21 11:15:14 IST,2019-12-21,11:15:14,+0530,411216598,sukhendusekhar,Sukhendu Sekhar Ray,,BJP Deletes Its Tweet on NRC as Nationwide Protests Gain Ground  https://t.co/ANaSVrIp1s,en,[],['https://www.thequint.com/news/india/bjp-twitter-official-nrc-citizenship-amendment-act-election-rally-tweet-deleted'],[],0,1,10,[],[],https://twitter.com/Sukhendusekhar/status/1208262126541799424,,,0,,,,,,,,"{'user_id': None, 'username': None}",,,,
1208251463463399425,1208251463463399425,2019-12-21 10:32:51 IST,2019-12-21,10:32:51,+0530,411216598,sukhendusekhar,Sukhendu Sekhar Ray,,"ভেবেছিল, ঘাসে মুখ দিয়ে বলবে- ব্যা,ব্যা। কিন্তু সবাই ডাকে- CAA, CAA(ক্যা-ক্যা), প্রতিধ্বনি ওঠে- ছ্যা, ছ্যা।",bn,[],[],[],0,2,23,[],[],https://twitter.com/Sukhendusekhar/status/1208251463463399425,,,0,,,,,,,,"{'user_id': None, 'username': None}",,,,
1208062376009854976,1207303671458873344,2019-12-20 22:01:29 IST,2019-12-20,22:01:29,+0530,411216598,sukhendusekhar,Sukhendu Sekhar Ray,,@PIBHomeAffairs  https://t.co/TuINxZDea6,und,['pibhomeaffairs'],[],['https://pbs.twimg.com/media/EMPmTIpU4AAKnAX.jpg'],1,4,16,[],[],https://twitter.com/Sukhendusekhar/status/1208062376009854976,,,1,https://pbs.twimg.com/media/EMPmTIpU4AAKnAX.jpg,,,,,,,"{'user_id': '753189526152081408', 'username': 'PIBHomeAffairs'}",,,,
1208058365781278721,1207303671458873344,2019-12-20 21:45:33 IST,2019-12-20,21:45:33,+0530,411216598,sukhendusekhar,Sukhendu Sekhar Ray,,@PIBHomeAffairs Is the Ministry of Home Affairs defying what the Home Minister said in Times Now/Mirror Now 3 days back that neither Voter ID card nor Aadhar Card shall be accepted as proof?,en,['pibhomeaffairs'],[],[],1,3,10,[],[],https://twitter.com/Sukhendusekhar/status/1208058365781278721,,,0,,,,,,,,"{'user_id': '753189526152081408', 'username': 'PIBHomeAffairs'}",,,,
1208056798218866688,1207868857072750592,2019-12-20 21:39:19 IST,2019-12-20,21:39:19,+0530,411216598,sukhendusekhar,Sukhendu Sekhar Ray,,"@mayukhrghosh After vandalising statue of Pt. Vidyasagar, the BJP goons claimed that they were not involved. So the evil design is unmasked once again.",en,['mayukhrghosh'],[],[],1,0,5,[],[],https://twitter.com/Sukhendusekhar/status/1208056798218866688,,,0,,,,,,,,"{'user_id': '174285951', 'username': 'mayukhrghosh'}",,,,
1208055558709792769,1208049933112135680,2019-12-20 21:34:24 IST,2019-12-20,21:34:24,+0530,411216598,sukhendusekhar,Sukhendu Sekhar Ray,,@mayukhrghosh @MamataOfficial A Befitting Reply To All Those Trying For Demonising The Democracy,en,"['mayukhrghosh', 'mamataofficial']",[],[],0,0,2,[],[],https://twitter.com/Sukhendusekhar/status/1208055558709792769,,,0,,,,,,,,"{'user_id': '174285951', 'username': 'mayukhrghosh'}",,,,
1207592791599005696,1207592791599005696,2019-12-19 14:55:32 IST,2019-12-19,14:55:32,+0530,411216598,sukhendusekhar,Sukhendu Sekhar Ray,,Shame!,en,[],[],[],0,0,1,[],[],https://twitter.com/Sukhendusekhar/status/1207592791599005696,,https://twitter.com/jawharsircar/status/1206863011865980930,0,,,,,,,,"{'user_id': None, 'username': None}",,,,
1207592506306658304,1207592506306658304,2019-12-19 14:54:24 IST,2019-12-19,14:54:24,+0530,411216598,sukhendusekhar,Sukhendu Sekhar Ray,,Shame!,en,[],[],[],0,0,0,[],[],https://twitter.com/Sukhendusekhar/status/1207592506306658304,,https://twitter.com/jawharsircar/status/1207590833144262656,0,,,,,,,,"{'user_id': None, 'username': None}",,,,
1207592425029419008,1207590833144262656,2019-12-19 14:54:04 IST,2019-12-19,14:54:04,+0530,411216598,sukhendusekhar,Sukhendu Sekhar Ray,,@jawharsircar @Ram_Guha @svaradarajan @RanaAyyub @sardesairajdeep @SudheenKulkarni SHAME!,en,"['jawharsircar', 'ram_guha', 'svaradarajan', 'ranaayyub', 'sardesairajdeep', 'sudheenkulkarni']",[],[],0,0,0,[],[],https://twitter.com/Sukhendusekhar/status/1207592425029419008,,,0,,,,,,,,"{'user_id': '579049958', 'username': 'jawharsircar'}",,,,
1207589517126815744,1207576999914430465,2019-12-19 14:42:31 IST,2019-12-19,14:42:31,+0530,411216598,sukhendusekhar,Sukhendu Sekhar Ray,,"@mayukhrghosh @IndiaHistorypic Yes.  8 million Bengali Hindu and Muslim evacuees arrived in India between March and December 1971 due to linguistic persecution in erstwhile East Pakistan and Govt of India arranged for their shelter and food for months together. Many returned, but not all. What about them ?",en,"['mayukhrghosh', 'indiahistorypic']",[],[],2,1,4,[],[],https://twitter.com/Sukhendusekhar/status/1207589517126815744,,,0,,,,,,,,"{'user_id': '174285951', 'username': 'mayukhrghosh'}",,,,
1207588006820864001,1207588006820864001,2019-12-19 14:36:31 IST,2019-12-19,14:36:31,+0530,411216598,sukhendusekhar,Sukhendu Sekhar Ray,,"“তোমরা ভয় দেখিয়ে করছ শাসন, জয় দেখিয়ে নয়। সেই ভয়ের টুঁটি ধরব টিপে, করব তারে লয় ।”- কাজী নজরুল ইসলাম",bn,[],[],[],0,4,20,[],[],https://twitter.com/Sukhendusekhar/status/1207588006820864001,,,0,,,,,,,,"{'user_id': None, 'username': None}",,,,
1207573977977081857,1207573977977081857,2019-12-19 13:40:46 IST,2019-12-19,13:40:46,+0530,411216598,sukhendusekhar,Sukhendu Sekhar Ray,,"Strongly condemn the arrest of historian Ramchandra Guha and other peaceful demonstrators against NRC-CAA in Bengaluru, Delhi and other parts of the country.",en,[],[],[],0,1,9,[],[],https://twitter.com/Sukhendusekhar/status/1207573977977081857,,,0,,,,,,,,"{'user_id': None, 'username': None}",,,,
1207235666473435138,1207196291572224001,2019-12-18 15:16:26 IST,2019-12-18,15:16:26,+0530,411216598,sukhendusekhar,Sukhendu Sekhar Ray,,"@mayukhrghosh @bjd_odisha @NitishKumar @Naveen_Odisha HA! HA! HA. What could be a better form of double standard than this. Kabhi haan, kabhi naa. Kabhi khushi, kabhi gam...",en,"['mayukhrghosh', 'bjd_odisha', 'nitishkumar', 'naveen_odisha']",[],[],0,0,0,[],[],https://twitter.com/Sukhendusekhar/status/1207235666473435138,,,0,,,,,,,,"{'user_id': '174285951', 'username': 'mayukhrghosh'}",,,,
1207230678783279104,1207230678783279104,2019-12-18 14:56:37 IST,2019-12-18,14:56:37,+0530,411216598,sukhendusekhar,Sukhendu Sekhar Ray,,"I ask myself what was the dress of the freedom fighters who killed thousands of Muslims in Gujarat? Saffron? Can’t be, because only the Sadhus and Sants wear saffron.",en,[],[],[],0,0,9,[],[],https://twitter.com/Sukhendusekhar/status/1207230678783279104,,,0,,,,,,,,"{'user_id': None, 'username': None}",,,,
1206642163095719939,1206642163095719939,2019-12-16 23:58:04 IST,2019-12-16,23:58:04,+0530,411216598,sukhendusekhar,Sukhendu Sekhar Ray,,"সবারই পড়া উচিত, জানা উচিত, বোঝা উচিত।",bn,[],[],[],0,0,1,[],[],https://twitter.com/Sukhendusekhar/status/1206642163095719939,,https://twitter.com/Ei_Samay/status/1206625246431727616,0,,,,,,,,"{'user_id': None, 'username': None}",,,,
1206622763680583680,1206622763680583680,2019-12-16 22:40:59 IST,2019-12-16,22:40:59,+0530,411216598,sukhendusekhar,Sukhendu Sekhar Ray,,রাজ্যপাল এখন রাজনীতিপাল। গোবর+নর= গোবরনর...,bn,[],[],[],1,4,15,[],[],https://twitter.com/Sukhendusekhar/status/1206622763680583680,,https://twitter.com/abhishekaitc/status/1206604837716054017,0,,,,,,,,"{'user_id': None, 'username': None}",,,,
1206560413246078976,1206560413246078976,2019-12-16 18:33:13 IST,2019-12-16,18:33:13,+0530,411216598,sukhendusekhar,Sukhendu Sekhar Ray,,Preamble which is soul of the Constitution is under attack. Governors acting as agent provocateurs. Central agencies used as “caged parrots.” Federalism is at stake. Majoritarianism raising ugly heads. Time to launch Non Cooperation Movement against tyranny to restore democracy,en,[],[],[],0,1,2,[],[],https://twitter.com/Sukhendusekhar/status/1206560413246078976,,,0,,,,,,,,"{'user_id': None, 'username': None}",,,,
1206544217922662401,1206436639590891520,2019-12-16 17:28:52 IST,2019-12-16,17:28:52,+0530,411216598,sukhendusekhar,Sukhendu Sekhar Ray,,@PTI_News Central Govt ought to have been asked to desist from implementation of such divisive and unconstitutional methods.,en,['pti_news'],[],[],0,0,1,[],[],https://twitter.com/Sukhendusekhar/status/1206544217922662401,,,0,,,,,,,,"{'user_id': '245687754', 'username': 'PTI_News'}",,,,
1206543710273425409,1206447639237021696,2019-12-16 17:26:51 IST,2019-12-16,17:26:51,+0530,411216598,sukhendusekhar,Sukhendu Sekhar Ray,,@TOIIndiaNews It would have been better if Rajyapalji also participated in Rally in view of the fact that being a lawyer he must be knowing that the CAB was blatantly unconstitutional,en,['toiindianews'],[],[],0,0,0,[],[],https://twitter.com/Sukhendusekhar/status/1206543710273425409,,,0,,,,,,,,"{'user_id': '29958928', 'username': 'TOIIndiaNews'}",,,,
1206534242747895808,1206534242747895808,2019-12-16 16:49:14 IST,2019-12-16,16:49:14,+0530,411216598,sukhendusekhar,Sukhendu Sekhar Ray,,The Royal Bengal Tigress roars... Delhi throne trembles...,en,[],[],[],2,10,34,[],[],https://twitter.com/Sukhendusekhar/status/1206534242747895808,,https://twitter.com/mayukhrghosh/status/1206522663729913856,0,,,,,,,,"{'user_id': None, 'username': None}",,,,
1201561556510658561,1201482600939806720,2019-12-02 23:29:33 IST,2019-12-02,23:29:33,+0530,411216598,sukhendusekhar,Sukhendu Sekhar Ray,,"@PIB_India @prahladspatel This is utterly false inasmuch as the Govt is yet to declassify IB files and the manuscript of A History of Azad Hind Fauz which was prepared by the historians led by PC GUPTA, appointed by the Defence Ministry in 1949-50.",en,"['pib_india', 'prahladspatel']",[],[],0,16,25,[],[],https://twitter.com/Sukhendusekhar/status/1201561556510658561,,,0,,,,,,,,"{'user_id': '231033118', 'username': 'PIB_India'}",,,,
1201537747304927232,1201532712663711744,2019-12-02 21:54:57 IST,2019-12-02,21:54:57,+0530,411216598,sukhendusekhar,Sukhendu Sekhar Ray,,"@mayukhrghosh @PIB_India @Chandrabosebjp @anujdhar @MissionNetaji Definitely, provided the Chairman allows. Sorry to to say that we are not as free as we used to be in the past on the floor of the Council of States. With the change of colours, everything changes.However, I’ll try with little scope to speak.",en,"['mayukhrghosh', 'pib_india', 'chandrabosebjp', 'anujdhar', 'missionnetaji']",[],[],0,2,11,[],[],https://twitter.com/Sukhendusekhar/status/1201537747304927232,,,0,,,,,,,,"{'user_id': '174285951', 'username': 'mayukhrghosh'}",,,,
1201536148432019457,1201433383739375622,2019-12-02 21:48:35 IST,2019-12-02,21:48:35,+0530,411216598,sukhendusekhar,Sukhendu Sekhar Ray,,@mayukhrghosh @IndiaHistorypic My Pranams to this great Indian🙏🏽,en,"['mayukhrghosh', 'indiahistorypic']",[],[],0,0,2,[],[],https://twitter.com/Sukhendusekhar/status/1201536148432019457,,,0,,,,,,,,"{'user_id': '174285951', 'username': 'mayukhrghosh'}",,,,
1201535064800055297,1201532712663711744,2019-12-02 21:44:17 IST,2019-12-02,21:44:17,+0530,411216598,sukhendusekhar,Sukhendu Sekhar Ray,,"@mayukhrghosh @PIB_India @Chandrabosebjp Hats off to you, Anuj. Be remain as you are, a CRUSADER in unveiling the curtain. I shall always be with you as it is my duty as an Indian.",en,"['mayukhrghosh', 'pib_india', 'chandrabosebjp']",[],[],1,3,17,[],[],https://twitter.com/Sukhendusekhar/status/1201535064800055297,,,0,,,,,,,,"{'user_id': '174285951', 'username': 'mayukhrghosh'}",,,,
1201534162500407296,1201532712663711744,2019-12-02 21:40:42 IST,2019-12-02,21:40:42,+0530,411216598,sukhendusekhar,Sukhendu Sekhar Ray,,"@mayukhrghosh @PIB_India @Chandrabosebjp No Govt dares to unfold the mystery because of foreign pressures and we are still a nation being subjugated by foreign powers for obvious reasons particularly on our greatest National Hero, NETAJI SUBHAS CHANDRA BOSE, a prince of the patriots.",en,"['mayukhrghosh', 'pib_india', 'chandrabosebjp']",[],[],2,0,8,[],[],https://twitter.com/Sukhendusekhar/status/1201534162500407296,,,0,,,,,,,,"{'user_id': '174285951', 'username': 'mayukhrghosh'}",,,,
1200455008044507137,1200450215657885697,2019-11-29 22:12:31 IST,2019-11-29,22:12:31,+0530,411216598,sukhendusekhar,Sukhendu Sekhar Ray,,"@derekobrienmp In 5 years, GDP almost reduced to half. FM says this is not recession. So we will have to wait for that. WAIT UNTIL DARK?",en,['derekobrienmp'],[],[],0,1,3,[],[],https://twitter.com/Sukhendusekhar/status/1200455008044507137,,,0,,,,,,,,"{'user_id': '120965579', 'username': 'derekobrienmp'}",,,,
1199391424824799232,1199391424824799232,2019-11-26 23:46:13 IST,2019-11-26,23:46:13,+0530,411216598,sukhendusekhar,Sukhendu Sekhar Ray,,"80- hour old 2-men Maharashtra Govt has resigned. It was coincidentally commensurate with the Constitution Day. Now the moot question- will the agent provocateur of the Centre shall resign ? If not, throw him out. Raj Bhavan  must be cleaned off.",en,[],[],[],0,3,11,[],[],https://twitter.com/Sukhendusekhar/status/1199391424824799232,,,0,,,,,,,,"{'user_id': None, 'username': None}",,,,
1189764770661978112,1189764770661978112,2019-10-31 10:13:20 IST,2019-10-31,10:13:20,+0530,411216598,sukhendusekhar,Sukhendu Sekhar Ray,,"A 5-time member of Parliament (both LS and RS), Gurudas Dasgupta whom I knew for five decades as a trade unionist and a pro-people political leader died in Kolkata this morning. Deepest Homage to the departed humanist.  https://t.co/4ykBYzCJAz",en,[],[],['https://pbs.twimg.com/media/EILkvd3WkAEYI_r.jpg'],2,1,18,[],[],https://twitter.com/Sukhendusekhar/status/1189764770661978112,,,1,https://pbs.twimg.com/media/EILkvd3WkAEYI_r.jpg,,,,,,,"{'user_id': None, 'username': None}",,,,
